Datetime,Water Level (m)
2025-06-06 12:00:00,-0.8235272
2025-06-06 13:00:00,-0.35064593
2025-06-06 14:00:00,0.3878589
2025-06-06 15:00:00,1.0340756
2025-06-06 16:00:00,1.3710501
2025-06-06 17:00:00,1.4280977
2025-06-06 18:00:00,1.1592431
2025-06-06 19:00:00,0.6120183
2025-06-06 20:00:00,0.018647349
2025-06-06 21:00:00,-0.486269
2025-06-06 22:00:00,-0.8930465
2025-06-06 23:00:00,-1.1412002
2025-06-07 00:00:00,-1.2154312
2025-06-07 01:00:00,-0.70331836
2025-06-07 02:00:00,0.22719495
2025-06-07 03:00:00,1.2282801
2025-06-07 04:00:00,1.7288774
2025-06-07 05:00:00,1.8644112
2025-06-07 06:00:00,1.7116121
2025-06-07 07:00:00,1.2022284
2025-06-07 08:00:00,0.55901855
2025-06-07 09:00:00,-0.0128489565
2025-06-07 10:00:00,-0.46653748
2025-06-07 11:00:00,-0.81674916
2025-06-07 12:00:00,-1.040912
2025-06-07 13:00:00,-1.0274823
2025-06-07 14:00:00,-0.46051702
2025-06-07 15:00:00,0.49145097
2025-06-07 16:00:00,1.3212887
2025-06-07 17:00:00,1.5887759
2025-06-07 18:00:00,1.5430053
2025-06-07 19:00:00,1.1234361
2025-06-07 20:00:00,0.4749971
2025-06-07 21:00:00,-0.12530015
2025-06-07 22:00:00,-0.61815125
2025-06-07 23:00:00,-0.9883518
2025-06-08 00:00:00,-1.2010732
2025-06-08 01:00:00,-1.2172096
2025-06-08 02:00:00,-0.5241539
2025-06-08 03:00:00,0.53802687
2025-06-08 04:00:00,1.5754931
2025-06-08 05:00:00,1.994311
2025-06-08 06:00:00,2.0680583
2025-06-08 07:00:00,1.7866918
2025-06-08 08:00:00,1.122255
2025-06-08 09:00:00,0.42686105
2025-06-08 10:00:00,-0.14579587
2025-06-08 11:00:00,-0.58756226
2025-06-08 12:00:00,-0.92552614
2025-06-08 13:00:00,-1.1108123
2025-06-08 14:00:00,-0.93503696
2025-06-08 15:00:00,-0.16093394
2025-06-08 16:00:00,0.86665636
2025-06-08 17:00:00,1.5302949
2025-06-08 18:00:00,1.6678042
2025-06-08 19:00:00,1.5212111
2025-06-08 20:00:00,0.96818656
2025-06-08 21:00:00,0.29658857
2025-06-08 22:00:00,-0.28188038
2025-06-08 23:00:00,-0.7435119
2025-06-09 00:00:00,-1.07996
2025-06-09 01:00:00,-1.2636538
2025-06-09 02:00:00,-1.1223575
2025-06-09 03:00:00,-0.20255578
2025-06-09 04:00:00,1.0038662
2025-06-09 05:00:00,1.9089589
2025-06-09 06:00:00,2.1861415
2025-06-09 07:00:00,2.1677868
2025-06-09 08:00:00,1.6807406
2025-06-09 09:00:00,0.91547984
2025-06-09 10:00:00,0.23028085
2025-06-09 11:00:00,-0.3075326
2025-06-09 12:00:00,-0.71704674
2025-06-09 13:00:00,-1.0301218
2025-06-09 14:00:00,-1.1867255
2025-06-09 15:00:00,-0.8033484
2025-06-09 16:00:00,0.08513676
2025-06-09 17:00:00,1.1668184
2025-06-09 18:00:00,1.7327577
2025-06-09 19:00:00,1.7648267
2025-06-09 20:00:00,1.4420127
2025-06-09 21:00:00,0.74570334
2025-06-09 22:00:00,0.07620835
2025-06-09 23:00:00,-0.47913414
2025-06-10 00:00:00,-0.9065041
2025-06-10 01:00:00,-1.1650215
2025-06-10 02:00:00,-1.2992768
2025-06-10 03:00:00,-0.7372018
2025-06-10 04:00:00,0.33714122
2025-06-10 05:00:00,1.570507
2025-06-10 06:00:00,2.229567
2025-06-10 07:00:00,2.4115746
2025-06-10 08:00:00,2.2049165
2025-06-10 09:00:00,1.5185187
2025-06-10 10:00:00,0.7100338
2025-06-10 11:00:00,0.061006065
2025-06-10 12:00:00,-0.4352938
2025-06-10 13:00:00,-0.8216086
2025-06-10 14:00:00,-1.0950167
2025-06-10 15:00:00,-1.2020952
2025-06-10 16:00:00,-0.5749189
2025-06-10 17:00:00,0.50323594
2025-06-10 18:00:00,1.5577073
2025-06-10 19:00:00,1.8773758
2025-06-10 20:00:00,1.7760085
2025-06-10 21:00:00,1.2501475
2025-06-10 22:00:00,0.50339586
2025-06-10 23:00:00,-0.1457315
2025-06-11 00:00:00,-0.6620792
2025-06-11 01:00:00,-1.0389986
2025-06-11 02:00:00,-1.2578815
2025-06-11 03:00:00,-1.2751307
2025-06-11 04:00:00,-0.3929718
2025-06-11 05:00:00,0.86388487
2025-06-11 06:00:00,1.9960551
2025-06-11 07:00:00,2.4475935
2025-06-11 08:00:00,2.5262225
2025-06-11 09:00:00,2.0829988
2025-06-11 10:00:00,1.2301422
2025-06-11 11:00:00,0.47424492
2025-06-11 12:00:00,-0.123727605
2025-06-11 13:00:00,-0.57857335
2025-06-11 14:00:00,-0.94203705
2025-06-11 15:00:00,-1.1763185
2025-06-11 16:00:00,-1.0926504
2025-06-11 17:00:00,-0.20463754
2025-06-11 18:00:00,0.9905531
2025-06-11 19:00:00,1.7858266
2025-06-11 20:00:00,1.9039958
2025-06-11 21:00:00,1.6684972
2025-06-11 22:00:00,0.9804631
2025-06-11 23:00:00,0.23902197
2025-06-12 00:00:00,-0.35441077
2025-06-12 01:00:00,-0.82352525
2025-06-12 02:00:00,-1.1349874
2025-06-12 03:00:00,-1.3100431
2025-06-12 04:00:00,-0.95731646
2025-06-12 05:00:00,0.08584902
2025-06-12 06:00:00,1.4186981
2025-06-12 07:00:00,2.3304932
2025-06-12 08:00:00,2.612527
2025-06-12 09:00:00,2.488522
2025-06-12 10:00:00,1.7892494
2025-06-12 11:00:00,0.9173988
2025-06-12 12:00:00,0.20603347
